{
  "version": 1,
  "author": "Barbu Vulc",
  "editor": "wokwi",
  "parts": [
    { "type": "wokwi-breadboard-mini", "id": "bb1", "top": -1038.2, "left": 631.2, "attrs": {} },
    { "type": "wokwi-arduino-uno", "id": "uno", "top": 0, "left": 0, "attrs": {} },
    {
      "type": "wokwi-buzzer",
      "id": "bz1",
      "top": -1015.2,
      "left": 501,
      "attrs": { "volume": "0.1" }
    },
    { "type": "wokwi-potentiometer", "id": "pot1", "top": 277.1, "left": 143.8, "attrs": {} },
    { "type": "wokwi-led", "id": "led5", "top": 44.4, "left": -217, "attrs": { "color": "red" } },
    { "type": "wokwi-led", "id": "led6", "top": 15.6, "left": 407, "attrs": { "color": "red" } },
    {
      "type": "wokwi-resistor",
      "id": "r5",
      "top": 119.15,
      "left": 403.2,
      "attrs": { "value": "220" }
    },
    {
      "type": "wokwi-resistor",
      "id": "r6",
      "top": 109.55,
      "left": -192,
      "attrs": { "value": "220" }
    }
  ],
  "connections": [
    [ "bb1:4t.c", "bb1:7t.c", "black", [ "v0" ] ],
    [ "bb1:15t.c", "bb1:10t.c", "black", [ "v0" ] ],
    [ "bb1:7t.b", "bb1:10t.b", "black", [ "v0" ] ],
    [ "bb1:1t.b", "bb1:4t.b", "black", [ "v0" ] ],
    [ "bb1:1t.e", "bb1:1b.f", "black", [ "v0" ] ],
    [ "bb1:16t.e", "bb1:16b.f", "red", [ "v0" ] ],
    [ "led5:C", "r6:1", "green", [ "v0" ] ],
    [ "led6:C", "r5:1", "green", [ "v0" ] ],
    [ "bb1:12b.f", "bb1:11b.f", "green", [ "v0" ] ],
    [ "r6:2", "uno:13", "green", [ "v0" ] ],
    [ "r5:2", "uno:8", "green", [ "v-115.2", "h-289.2" ] ],
    [ "pot1:VCC", "uno:5V", "red", [ "v0" ] ],
    [ "pot1:GND", "uno:GND.2", "black", [ "v0" ] ],
    [ "uno:GND.3", "led6:A", "black", [ "v0" ] ],
    [ "uno:GND.2", "led5:A", "black", [ "v0" ] ],
    [ "uno:A0", "pot1:SIG", "green", [ "v0" ] ]
  ],
  "dependencies": {}
}